LQD,2002/7/26,iShares iBoxx $ Investment Grade Corporate Bond ETF
VCSH,2009/11/23,Vanguard Short-Term Corporate Bond ETF
VCIT,2009/11/23,Vanguard Intermediate-Term Corporate Bond ETF
IGSB,2007/1/11,iShares Short-Term Corporate Bond ETF
IGIB,2007/1/11,iShares Intermediate-Term Corporate Bond ETF
SPSB,2009/12/16,SPDR Portfolio Short Term Corporate Bond ETF
SPIB,2009/2/10,SPDR Portfolio Intermediate Term Corporate Bond ETF
USIG,2007/1/11,iShares Broad USD Investment Grade Corporate Bond ETF
VCLT,2009/11/23,Vanguard Long-Term Corporate Bond ETF
GSY,2008/2/12,Invesco Ultra Short Duration ETF
SLQD,2013/10/15,iShares 0-5 Year Investment Grade Corporate Bond ETF
ICSH,2013/12/11,iShares Ultra Short-Term Bond ETF
CORP,2010/9/20,PIMCO Investment Grade Corporate Bond Index Fund
IGLB,2009/12/8,iShares Long-Term Corporate Bond ETF
SPLB,2009/3/10,SPDR Portfolio Long Term Corporate Bond ETF
IGHG,2013/11/5,ProShares Investment Grade-Interest Rate Hedged
LQDH,2014/5/27,iShares Interest Rate Hedged Corporate Bond ETF
QLTA,2012/2/14,iShares Aaa - A Rated Corporate Bond ETF
PFIG,2011/9/15,Invesco Fundamental Investment Grade Corporate Bond ETF
SKOR,2014/11/12,FlexShares Credit-Scored US Corporate Bond Index Fund
IGBH,2015/7/22,iShares Interest Rate Hedged Long-Term Corporate Bond ETF
CBND,2011/4/6,SPDR Bloomberg Barclays Corporate Bond ETF
LKOR,2015/9/23,FlexShares Credit-Scored U.S. Long Corporate Bond Index Fund
LDRI,2014/9/10,Invesco LadderRite 0-5 Year Corporate Bond ETF
IGIH,2015/3/3,Xtrackers Investment Grade Bond - Interest Rate Hedged ETF
